test_name,tag_end_error_mean,amcl_end_error_mean
turn,0.07907424827898879,0.13284980608959024
straight,0.06563628414712619,0.031986720142650575
slip,0.24069448262370843,0.376781102519459
