Buffer size,Maximum error,Average error,Average end error
10.0,0.1,0.19371668361407196,0.1023845985625322
10.0,0.35,0.13069157386580507,0.07875991814041765
10.0,0.15,0.1450947685248885,0.07686613627879653
10.0,0.2,0.14417184402467317,0.07142075396318508
10.0,0.05,0.19163614800567597,0.0831436737858906
