Buffer size,Maximum error,Average error,Average end error
10.0,0.25,0.15869237646267592,0.07214038319350308
10.0,0.2,0.16220254464685563,0.042201822533482494
10.0,0.1,0.20037208985125873,0.06556380411562632
10.0,0.3,0.17207859468115316,0.08099628643285559
10.0,0.15,0.19880015424132053,0.08629991784510951
10.0,0.05,0.2276789530563378,0.08424408806288748
10.0,0.35,0.18785725653762692,0.056018563019656
20.0,0.35,0.142634132737028,0.09974001926507915
