Buffer size,Maximum error,Average error
10.0,0.1,0.08336102401477027
10.0,0.15,0.07277482839171694
10.0,0.2,0.08304634293786424
10.0,0.05,0.11788444430514619
20.0,0.2,0.06565008580985801
20.0,0.15,0.07189943194804167
20.0,0.1,0.08477447589190899
20.0,0.05,0.10364385554849884
30.0,0.05,0.09920265657261292
30.0,0.15,0.08358796463264413
30.0,0.2,0.07520213144554269
30.0,0.1,0.08832224834911237
