Buffer size,Maximum error,Average error
10.0,0.15,0.07955717798586316
20.0,0.15,0.08281225994162167
